term,title,brief_description,time_needed,steps_to_make,tips_for_use,intended_use,tlr_type,class_size,bloom_level,budget_band,learning_outcome,search_keywords,slug,last_updated,is_published,download_count,class_level_id,created_by_id,indicator_id,standard_id,strand_id,subject_id,substrand_id
1,Animal Sound Matching Cards,Picture cards featuring farm animals with corresponding sound words to develop phonemic awareness and vocabulary.,short,"1. Print or draw pictures of 10 common animals (cow, sheep, duck, pig, cat, dog, chicken, horse, bee, bird)
2. Create separate cards with sound words (moo, baa, quack, oink, meow, woof, cluck, neigh, buzz, tweet)
3. Laminate all cards for durability
4. Store in a colorful container or bag","- Start with 3-4 familiar animals, gradually add more
- Make the sounds yourself first, then encourage children to join in
- Play memory games: ""What sound does the cow make?""
- Use during circle time or small group activities
- Encourage children to act out the animals while making sounds",aid,flashcard,small,remember,low,Children will identify 6-8 animal sounds and match them to corresponding animals developing phonemic awareness and vocabulary.,"animals, sounds, phonics, vocabulary, nursery",animal-sound-matching-cards,2025-06-28,1,0,2,1,,,1,1,
1,My Name Recognition Puzzle,Personalized puzzles featuring each child's name to promote letter recognition and self-identity.,short,"1. Write each child's name in large, clear letters on cardboard
2. Decorate around the name with pictures representing the child (favorite color, animal, etc.)
3. Cut between each letter to create puzzle pieces
4. Store each puzzle in a labeled envelope or bag
5. Consider making extras for children with longer names","- Start by showing the completed puzzle, then mixing pieces
- Help children identify the first letter of their name
- Encourage children to trace letters with their finger
- Use during arrival time as a settling activity
- Create group activities where children help each other",aid,manipulative,small,understand,low,Children will recognize their own name in print and identify at least the first letter of their name.,"names, letters, identity, puzzles, nursery",my-name-recognition-puzzle,2025-06-28,1,0,2,1,,,1,1,
1,Story Retelling Props Bag,Collection of simple props to help children retell familiar stories and develop narrative skills.,core,"1. Choose 3-4 simple stories (Three Little Pigs, Goldilocks, etc.)
2. Create or collect simple props for each story:
   - Three Little Pigs: 3 small houses (straw, sticks, brick), pig and wolf figures
   - Goldilocks: 3 bowls, 3 chairs, 3 beds (different sizes), girl and bear figures
3. Store each story's props in a separate bag with the book
4. Include picture sequence cards showing story events","- Read the story first, then bring out props
- Encourage children to use props while you retell the story
- Let children take turns using different props
- Ask simple questions: ""What happened next?"" ""How did the pig feel?""
- Allow creative variations of the familiar stories",aid,manipulative,medium,understand,medium,Children will retell simple stories using props and demonstrate understanding of story sequence.,"stories, props, narrative, comprehension, nursery",story-retelling-props-bag,2025-06-28,1,0,2,1,,,1,1,
1,Counting Teddy Bears in Cups,Small teddy bear counters and numbered cups for hands-on counting practice from 1-5.,short,"1. Collect or purchase 15 small teddy bear counters
2. Decorate 5 plastic cups with numbers 1-5
3. Add corresponding dot patterns under each number
4. Create instruction cards showing how many bears go in each cup
5. Store all materials in a basket","- Start with cups 1-3, gradually add 4 and 5
- Count aloud together as children place bears
- Encourage one-to-one correspondence
- Ask ""How many bears are in cup number 3?""
- Let children check their work by counting again",aid,manipulative,small,apply,low,Children will count objects 1-5 with one-to-one correspondence and recognize written numerals 1-5.,"counting, numbers, bears, manipulatives, nursery",counting-teddy-bears-in-cups,2025-06-28,1,0,2,1,,,2,2,
1,Shape Hunt Discovery Bags,Fabric bags containing real objects in basic shapes for tactile shape recognition.,short,"1. Create 4 fabric bags in different colors
2. Label each bag with a shape (circle, square, triangle, rectangle)
3. Fill bags with real objects:
   - Circle bag: buttons, coins, bottle caps, rings
   - Square bag: blocks, crackers, small books, tiles
   - Triangle bag: triangular blocks, cut sandwiches, musical triangles
   - Rectangle bag: phones, cards, books, erasers","- Let children feel objects without looking first
- Ask ""What shape do you think this is?""
- Take objects out and name the shape together
- Compare objects: ""How are these the same?""
- Go on shape hunts around the classroom",aid,manipulative,small,understand,low,Children will identify and name 4 basic shapes through tactile exploration and visual recognition.,"shapes, tactile, exploration, geometry, nursery",shape-hunt-discovery-bags,2025-06-28,1,0,2,1,,,2,2,
1,Big and Small Sorting Baskets,Collection of paired objects in different sizes to teach size comparison and sorting skills.,short,"1. Collect pairs of objects in two sizes:
   - Big and small balls, spoons, cups, books, shoes, hats, boxes
2. Create two labeled baskets: ""BIG"" and ""SMALL"" with picture symbols
3. Include measuring tools: large and small containers, string pieces
4. Add picture cards showing big and small comparisons","- Start with very obvious size differences
- Use comparison language: ""This ball is bigger than that ball""
- Let children physically compare by holding objects
- Encourage children to explain their sorting choices
- Connect to children's experiences: ""big like daddy, small like baby""",aid,manipulative,small,analyze,low,Children will compare objects by size using terms big/small and sort objects into size categories.,"size, comparison, sorting, measurement, nursery",big-and-small-sorting-baskets,2025-06-28,1,0,2,1,,,2,2,
1,Nature Collage Creation Station,Outdoor collection of natural materials for creating seasonal collages and exploring textures.,core,"1. Set up collection containers for nature walks
2. Gather diverse natural materials: leaves, flowers, twigs, seeds, stones, feathers
3. Prepare large cardboard bases for collages
4. Create texture exploration trays
5. Set up drying area for finished artwork","- Take children on nature walks to collect materials together
- Encourage touching and describing textures
- Ask open questions: ""What does this feel like?"" ""What colors do you see?""
- Allow free exploration without predetermined outcomes
- Display finished work to celebrate creativity",aid,manipulative,medium,create,none,Children will explore natural textures create original artwork and develop fine motor skills through collage making.,"nature, art, textures, creativity, nursery",nature-collage-creation-station,2025-06-28,1,0,2,1,,,3,3,
1,Emotion Expression Masks,Simple masks showing different emotions to help children identify and express feelings.,short,"1. Cut face shapes from paper plates
2. Draw or paste pictures showing basic emotions: happy, sad, angry, surprised, scared
3. Attach craft sticks as handles
4. Create a feelings mirror for children to practice expressions
5. Include emotion picture books","- Start with happy and sad, gradually add others
- Use masks during story time to show character emotions
- Encourage children to make faces behind masks
- Ask ""How does this character feel?"" during stories
- Use for conflict resolution: ""Show me how you felt""",aid,manipulative,medium,understand,low,Children will identify basic emotions and express their own feelings appropriately.,"emotions, feelings, masks, social skills, nursery",emotion-expression-masks,2025-06-28,1,0,2,1,,,3,3,
1,Weather Observation Chart,Interactive chart for daily weather observation and recording developing scientific thinking.,starter,"1. Create large poster board with days of the week
2. Design weather symbol cards: sunny, cloudy, rainy, windy
3. Add pockets or velcro strips for moveable symbols
4. Include thermometer picture and simple temperature indicators
5. Create weather clothing matching cards","- Use during morning circle time daily
- Look outside together and discuss observations
- Let children choose appropriate weather symbols
- Connect weather to clothing choices
- Keep simple weather journal with pictures",aid,poster,large,understand,low,Children will observe and describe daily weather patterns and make connections between weather and appropriate clothing.,"weather, observation, science, daily routine, nursery",weather-observation-chart,2025-06-28,1,0,2,1,,,4,4,
1,Community Helper Role Play Kit,Dress-up items and props representing different community helpers to promote social awareness.,core,"1. Gather simple costume pieces for each helper:
   - Doctor: white coat, stethoscope, medical bag
   - Firefighter: red hat, hose, badge
   - Teacher: books, glasses, pointer
   - Police officer: hat, badge, whistle
   - Chef: apron, hat, wooden spoons
2. Create matching picture cards showing each helper
3. Add props specific to each job","- Introduce one helper at a time during dramatic play
- Ask children about helpers they know in their community
- Encourage role playing: ""What does a doctor do?""
- Connect to field trips or community visits
- Use during discussions about safety and help",aid,manipulative,medium,understand,medium,Children will identify community helpers and describe how they help people in the community.,"community, helpers, role play, careers, nursery",community-helper-role-play-kit,2025-06-28,1,0,2,1,,,4,4,
1,Body Parts Learning Mirror,Unbreakable mirror with body part labels to promote self-awareness and vocabulary development.,short,"1. Mount large unbreakable mirror at child height
2. Create removable labels for body parts (head, arms, legs, hands, feet, eyes, nose, mouth)
3. Use bright colors and simple pictures alongside words
4. Add velcro so children can move labels
5. Include ""Simon Says"" instruction cards","- Start with major body parts, add details gradually
- Sing body part songs while looking in mirror
- Play ""Touch your..."" games
- Encourage children to point to parts on themselves and others
- Use during discussions about keeping our bodies healthy",aid,poster,small,remember,medium,Children will identify and name major body parts and develop body awareness.,"body parts, mirror, self awareness, vocabulary, nursery",body-parts-learning-mirror,2025-06-28,1,0,2,1,,,5,5,
1,Fine Motor Threading Cards,Large threading cards with simple patterns to develop hand-eye coordination and concentration.,short,"1. Cut large shapes from cardboard (circle, square, heart, star)
2. Punch holes around the edges, about 2cm apart
3. Cover with clear contact paper for durability
4. Provide thick yarn or shoelaces with taped ends
5. Create pattern cards showing different threading designs","- Demonstrate threading technique first
- Start with just a few holes, increase gradually
- Encourage children to create their own patterns
- Use during quiet time or as a calming activity
- Celebrate completed projects with enthusiasm",aid,manipulative,small,apply,low,Children will develop fine motor skills and hand-eye coordination through threading activities.,"fine motor, threading, coordination, patterns, nursery",fine-motor-threading-cards,2025-06-28,1,0,2,1,,,5,5,
1,Rhythm Instrument Collection,Simple homemade instruments for exploring rhythm beat and musical expression.,core,"1. Create various instruments:
   - Shakers: plastic bottles with rice/beans
   - Drums: empty containers with tight lids
   - Bells: sew bells onto elastic bands
   - Rhythm sticks: decorated wooden dowels
   - Tambourines: paper plates with bottle caps attached
2. Decorate each instrument with colorful designs
3. Store in a music basket","- Start with one instrument at a time
- Demonstrate how to hold and play each instrument
- Play music and encourage children to keep the beat
- Use instruments during singing time
- Create simple rhythm patterns for children to copy",aid,manipulative,medium,create,low,Children will explore rhythm and beat while developing gross motor coordination and musical expression.,"rhythm, music, instruments, movement, nursery",rhythm-instrument-collection,2025-06-28,1,0,2,1,,,6,6,
1,Movement Scarves and Dance Props,Colorful scarves and props for creative movement following music and expressing emotions through dance.,core,"1. Gather lightweight scarves in different colors
2. Create simple dance props:
   - Ribbon wands with craft sticks
   - Jingle bell bracelets with elastic
   - Flowing streamers attached to rings
3. Prepare movement instruction cards with pictures
4. Set up open space for safe movement","- Play different types of music (fast, slow, gentle, exciting)
- Demonstrate movements first, then let children explore
- Use scarves to show emotions: ""Show me happy dancing!""
- Encourage free expression without ""right"" or ""wrong"" movements
- Include cultural music and traditional dances",aid,manipulative,large,create,low,Children will express themselves through creative movement and develop gross motor skills while responding to different musical rhythms.,"movement, dance, scarves, expression, nursery",movement-scarves-and-dance-props,2025-06-28,1,0,2,1,,,6,6,
1,Interactive Phonics Sound Box Adventure,Multi-compartment sound box with objects and cards for each phonics sound promoting systematic phonics learning.,core,"1. Create compartmentalized box with 26 sections (one per letter)
2. For each letter, include:
   - 3-4 real objects starting with that sound
   - Picture cards showing more examples
   - Action cards showing Jolly Phonics movements
   - Letter formation tracing cards with arrows
3. Add sound recording buttons for each letter
4. Include instruction cards for various games
5. Create assessment check-off sheets","- Introduce 2-3 sounds per week systematically
- Let children find objects and sort them into correct compartments
- Practice letter formation while saying sounds
- Use for small group rotations and individual practice
- Encourage children to teach sounds to others
- Connect sounds to children's names and familiar words",aid,manipulative,small,understand,medium,Children will identify all 26 letter sounds form letters correctly and demonstrate phonemic awareness through sorting and blending activities.,"phonics, letters, sounds, systematic, KG1",interactive-phonics-sound-box-adventure,2025-06-28,1,0,3,1,,,7,7,
1,Sight Word Building and Reading Center,Interactive center with moveable letters word cards and activities for building and reading common sight words.,core,"1. Create magnetic letter board with colorful backing
2. Design sight word cards with:
   - Target word in large letters
   - Picture clue if applicable
   - Sentence using the word
   - Space for children to build word with magnetic letters
3. Include different difficulty levels (10, 20, 50 sight words)
4. Add word family sorting mats
5. Create sight word bingo games and flash cards
6. Include reading books featuring sight words","- Start with most common words: the, and, is, it, in
- Practice building words with magnetic letters daily
- Use sight words in context through simple sentences
- Play sight word games during transition times
- Encourage children to spot sight words in books
- Create personal sight word dictionaries for each child",aid,manipulative,small,remember,medium,Children will recognize and read 25-50 sight words automatically and use them to build simple sentences.,"sight words, reading, letters, vocabulary, KG1",sight-word-building-and-reading-center,2025-06-28,1,0,3,1,,,7,7,
1,Story Sequencing and Comprehension Theater,Interactive theater with story sequence cards character puppets and comprehension activities.,core,"1. Build simple puppet theater from large cardboard box
2. Create story sequence cards for 5-6 familiar stories
3. Design character puppets for each story
4. Make comprehension question cards:
   - Who was in the story?
   - What happened first/next/last?
   - Where did the story happen?
   - How did the character feel?
5. Include story prediction cards and alternative ending suggestions
6. Add story creation spinner with characters, settings, problems","- Read story first, then use theater to retell
- Let children arrange sequence cards in correct order
- Ask comprehension questions during puppet show
- Encourage children to create new endings
- Use theater for small group reading comprehension
- Have children take turns being ""director"" and asking questions",aid,manipulative,medium,understand,medium,Children will sequence story events correctly answer comprehension questions and demonstrate understanding of story elements.,"stories, sequencing, comprehension, theater, KG1",story-sequencing-and-comprehension-theater,2025-06-28,1,0,3,1,,,7,7,
1,Number Recognition and Formation Workshop,Multi-sensory workshop for learning numbers 1-20 with formation practice counting and number concepts.,core,"1. Create number formation trays with different textures:
   - Sand trays for finger tracing
   - Playdough mats for forming numbers
   - Textured number cards for tactile exploration
2. Include counting collections for each number (1-20)
3. Add number line activities and games
4. Create ""number of the day"" investigation cards
5. Include simple addition and subtraction manipulatives
6. Add number recognition assessment tools","- Practice one number formation daily using different methods
- Count real objects to match written numbers
- Use number line for simple addition (counting on)
- Encourage children to find numbers in environment
- Practice writing numbers in different media
- Connect numbers to real-life situations: ages, addresses, phone numbers",aid,manipulative,small,remember,medium,Children will recognize write and understand quantities for numbers 1-20 and perform simple addition and subtraction.,"numbers, formation, counting, mathematics, KG1",number-recognition-and-formation-workshop,2025-06-28,1,0,3,1,,,8,8,
1,Measurement and Comparison Laboratory,Hands-on laboratory with tools and activities for exploring length weight capacity and comparison concepts.,core,"1. Set up measurement stations:
   - Length: rulers, measuring tapes, string, blocks
   - Weight: balance scales, various objects to weigh
   - Capacity: containers of different sizes, water, rice
   - Time: clocks, timers, daily schedule cards
2. Create recording sheets for measurements
3. Include comparison vocabulary cards (longer/shorter, heavier/lighter)
4. Add estimation activities and prediction cards
5. Create ""Measurement Detective"" investigation cards","- Start with direct comparisons before using tools
- Use consistent vocabulary: long, longer, longest
- Encourage estimation before measuring
- Record findings on simple charts
- Connect measurements to daily activities
- Let children create their own measurement challenges",aid,manipulative,small,apply,medium,Children will compare and measure objects using appropriate tools and vocabulary and make reasonable estimations.,"measurement, comparison, tools, estimation, KG1",measurement-and-comparison-laboratory,2025-06-28,1,0,3,1,,,8,8,
1,Advanced Phonics Blending and Segmenting Station,Comprehensive station for blending sounds into words and segmenting words into individual sounds.,core,"1. Create blending slides with consonant-vowel-consonant words
2. Design sound segmenting mats with boxes for each sound
3. Include picture cards for 100+ three-letter words
4. Add progressive difficulty: CVC, CVCC, CCVC words
5. Create self-checking answer keys
6. Include games like ""Sound Race"" and ""Blending Bingo""
7. Add recording sheets for tracking progress","- Model blending slowly first: /c/ /a/ /t/ = cat
- Use physical movements for each sound
- Progress from blending to segmenting systematically
- Encourage children to use fingers to count sounds
- Connect to spelling and writing activities
- Use nonsense words to test true blending skills",aid,manipulative,small,apply,medium,Children will blend individual sounds to read simple words and segment words into component sounds for spelling.,"phonics, blending, segmenting, reading, KG2",advanced-phonics-blending-and-segmenting-station,2025-06-28,1,0,4,1,,,9,9,
1,Independent Reading and Writing Workshop,Structured workshop with leveled books writing materials and guided activities for developing independent literacy skills.,core,"1. Organize books by reading levels (A-D for beginners)
2. Create comfortable reading area with pillows and good lighting
3. Set up writing station with:
   - Various paper types (lined, blank, story templates)
   - Writing tools (pencils, crayons, markers)
   - Word walls and picture dictionaries
   - Story starter prompts
4. Include reading comprehension activities
5. Add peer sharing and presentation area
6. Create individual reading and writing portfolios","- Start with 10-15 minute independent sessions
- Teach children how to choose ""just right"" books
- Encourage invented spelling in early writing
- Provide quiet space for concentration
- Conference with individual children regularly
- Celebrate all attempts at reading and writing",aid,manipulative,medium,create,medium,Children will read simple books independently and write sentences expressing their ideas using invented and conventional spelling.,"reading, writing, independence, literacy, KG2",independent-reading-and-writing-workshop,2025-06-28,1,0,4,1,,,9,9,
1,Guided Reading Comprehension Center,Structured center with leveled readers comprehension strategies and discussion activities for developing reading skills.,core,"1. Organize books by guided reading levels (E-J)
2. Create comprehension strategy posters:
   - Making connections (text to self, text to world)
   - Predicting and confirming
   - Visualizing
   - Questioning
   - Summarizing
3. Design comprehension activity cards for each book
4. Include vocabulary development activities
5. Create discussion prompt cards for book talks
6. Add reading response journals and graphic organizers","- Group children by similar reading levels
- Teach one strategy at a time explicitly
- Encourage children to discuss books with partners
- Use graphic organizers to support comprehension
- Connect reading to children's experiences
- Celebrate reading growth and achievements",aid,manipulative,small,analyze,medium,Children will read grade-level texts with comprehension and use strategies to understand and discuss what they read.,"reading, comprehension, strategies, discussion, Class 1",guided-reading-comprehension-center,2025-06-28,1,0,5,1,,,10,10,
1,Grammar and Sentence Construction Workshop,Interactive workshop for learning parts of speech sentence structure and grammar rules through hands-on activities.,core,"1. Create moveable word cards in different colors:
   - Red for nouns
   - Blue for verbs
   - Green for adjectives
   - Yellow for articles (a, an, the)
2. Design sentence building mats with spaces for each part of speech
3. Include grammar sorting activities
4. Add punctuation cards and rules posters
5. Create ""Fix the Sentence"" error correction activities
6. Include creative writing prompts using target grammar","- Start with simple noun-verb sentences
- Use color coding consistently for parts of speech
- Encourage children to act out sentences they create
- Practice grammar in context of meaningful writing
- Use games to make grammar learning fun
- Connect to children's oral language patterns",aid,manipulative,small,apply,medium,Children will identify parts of speech construct grammatically correct sentences and apply grammar rules in their writing.,"grammar, sentences, parts of speech, writing, Class 1",grammar-and-sentence-construction-workshop,2025-06-28,1,0,5,1,,,10,10,
1,Place Value and Number Sense Exploration,Comprehensive materials for understanding place value number relationships and number sense up to 100.,core,"1. Create base-10 blocks using different materials:
   - Units: small cubes or beans
   - Tens: rods or bundled sticks
   - Hundreds: flat squares or plates
2. Design place value charts and mats
3. Include number line activities (0-100)
4. Create ""What Number Am I?"" riddle cards
5. Add number comparison activities (>, <, =)
6. Include estimation jars with different quantities","- Use concrete manipulatives before abstract numbers
- Practice bundling and unbundling activities daily
- Connect place value to money concepts
- Use number line for counting patterns
- Encourage estimation before counting
- Relate to real-world examples: house numbers, ages",aid,manipulative,small,understand,medium,Children will understand place value concepts compare numbers to 100 and demonstrate strong number sense.,"place value, numbers, base-10, mathematics, Class 1",place-value-and-number-sense-exploration,2025-06-28,1,0,5,1,,,11,11,
1,Addition and Subtraction Strategy Center,Multi-strategy center for learning various approaches to addition and subtraction within 20.,core,"1. Create strategy station posters:
   - Counting on/back
   - Using doubles
   - Making 10
   - Fact families
   - Number line jumps
2. Include manipulatives for each strategy
3. Design problem-solving task cards
4. Add games for fact fluency practice
5. Create assessment tools for strategy understanding
6. Include real-world word problem scenarios","- Teach strategies explicitly, one at a time
- Allow children to choose strategies that work for them
- Use story problems to make math meaningful
- Practice fact fluency daily in short sessions
- Connect to money and measurement problems
- Encourage explaining mathematical thinking",aid,manipulative,small,apply,medium,Children will use multiple strategies to solve addition and subtraction problems within 20 and explain their mathematical thinking.,"addition, subtraction, strategies, problem solving, Class 1",addition-and-subtraction-strategy-center,2025-06-28,1,0,5,1,,,11,11,
1,Advanced Reading Fluency and Expression Center,Center focused on developing reading fluency expression and advanced comprehension skills.,core,"1. Create fluency practice materials:
   - Repeated reading passages at various levels
   - Expression and intonation practice scripts
   - Partner reading protocols
   - Reading rate tracking charts
2. Include comprehension deepening activities:
   - Character analysis templates
   - Plot mapping organizers
   - Theme exploration cards
   - Author's purpose activities
3. Add oral presentation and performance opportunities
4. Create listening center with recorded texts","- Model fluent reading daily
- Practice repeated reading with partners
- Focus on expression and meaning, not just speed
- Use reader's theater for expression practice
- Encourage children to self-assess fluency
- Connect fluency to comprehension improvement",aid,manipulative,medium,analyze,medium,Children will read grade-level texts fluently with expression and demonstrate deep comprehension through analysis and discussion.,"fluency, expression, comprehension, reading, Class 2",advanced-reading-fluency-and-expression-center,2025-06-28,1,0,6,1,,,12,12,
1,Creative Writing and Publishing Workshop,Complete writing workshop with planning tools revision strategies and publishing opportunities.,core,"1. Set up writing process stations:
   - Planning: graphic organizers, story maps, idea webs
   - Drafting: various paper types, writing tools
   - Revising: editing checklists, peer review forms
   - Publishing: book-making materials, illustration supplies
2. Create genre-specific writing guides
3. Include mentor texts for each writing type
4. Add writing conference forms and rubrics
5. Set up author's chair and celebration area
6. Create class anthology and individual portfolios","- Teach the writing process explicitly
- Conference with individual writers regularly
- Encourage risk-taking and creativity
- Celebrate all stages of writing, not just final products
- Use mentor texts to inspire and instruct
- Create authentic audiences for children's writing",aid,manipulative,medium,create,medium,Children will write in various genres using the writing process and publish their work for authentic audiences.,"writing, publishing, process, creativity, Class 2",creative-writing-and-publishing-workshop,2025-06-28,1,0,6,1,,,12,12,
1,Literature Circle Discussion and Analysis Center,Sophisticated center for book discussions literary analysis and critical thinking about texts.,core,"1. Create role cards for literature circles:
   - Discussion Director: prepares questions
   - Vocabulary Enricher: finds interesting words
   - Illustrator: creates visual responses
   - Connector: makes text-to-life connections
   - Summarizer: retells important parts
2. Design analysis templates for different genres
3. Include critical thinking question prompts
4. Add multimedia response options
5. Create peer evaluation forms
6. Set up presentation and sharing protocols","- Start with shorter texts and simple roles
- Model each role before independent practice
- Encourage deep thinking and analysis
- Rotate roles so children experience all perspectives
- Connect discussions to writing and other subjects
- Celebrate insights and different interpretations",aid,manipulative,small,evaluate,medium,Children will engage in sophisticated discussions about literature analyze texts critically and express well-reasoned opinions.,"literature, discussion, analysis, critical thinking, Class 3",literature-circle-discussion-and-analysis-center,2025-06-28,1,0,7,1,,,13,13,
1,Advanced Research and Presentation Project Center,Complete research center with information gathering tools organization systems and presentation resources.,core,"1. Create research process guides:
   - Question formulation templates
   - Source evaluation checklists
   - Note-taking organizers
   - Citation format examples
2. Include information gathering tools:
   - Interview question templates
   - Survey forms
   - Observation sheets
   - Digital research guidelines
3. Add presentation format options:
   - Poster templates
   - Slideshow guidelines
   - Demonstration planning sheets
   - Video creation tools
4. Include assessment rubrics and self-evaluation forms","- Start with topics of high interest to children
- Teach research skills systematically
- Provide multiple sources and formats
- Encourage collaboration and peer learning
- Focus on process as much as final product
- Connect research to real-world issues and problems",aid,manipulative,medium,create,medium,Children will conduct independent research organize information effectively and present findings to authentic audiences.,"research, presentation, investigation, information, Class 3",advanced-research-and-presentation-project-center,2025-06-28,1,0,7,1,,,13,13,
1,Multi-Step Problem Solving and Strategy Center,Advanced center for solving complex word problems using multiple strategies and mathematical reasoning.,core,"1. Create problem-solving strategy posters:
   - Understand the problem
   - Devise a plan
   - Carry out the plan
   - Look back and check
2. Include various problem types:
   - Multi-step word problems
   - Open-ended investigations
   - Real-world applications
   - Logic and reasoning puzzles
3. Add strategy tools and manipulatives
4. Create reflection and explanation templates
5. Include peer collaboration protocols
6. Add assessment rubrics for problem-solving process","- Teach problem-solving strategies explicitly
- Encourage multiple solution methods
- Focus on mathematical reasoning and explanation
- Use real-world contexts whenever possible
- Promote collaboration and mathematical discourse
- Celebrate creative thinking and persistence",aid,manipulative,small,evaluate,medium,Children will solve multi-step problems using various strategies explain their mathematical reasoning and evaluate solution methods.,"problem solving, strategies, reasoning, mathematics, Class 3",multi-step-problem-solving-and-strategy-center,2025-06-28,1,0,7,1,,,14,14,
1,Fraction and Decimal Exploration Laboratory,Hands-on laboratory for understanding fractions decimals and their real-world applications.,core,"1. Create fraction manipulation materials:
   - Fraction circles, bars, and squares
   - Pizza and chocolate bar fraction models
   - Fraction number lines
   - Equivalent fraction matching games
2. Include decimal exploration tools:
   - Base-10 blocks for decimal representation
   - Decimal place value charts
   - Money models for decimal understanding
   - Measurement tools showing decimal increments
3. Add real-world application activities:
   - Cooking measurement conversions
   - Sports statistics analysis
   - Shopping and money problems
4. Create assessment and progress tracking tools","- Start with concrete fraction models before symbols
- Connect fractions to familiar experiences (sharing food)
- Use multiple representations for same concept
- Relate decimals to money and measurement
- Encourage estimation and reasoning
- Make connections between fractions and decimals explicit",aid,manipulative,small,understand,medium,Children will understand fraction and decimal concepts make connections between different representations and apply concepts to real situations.,"fractions, decimals, mathematics, real-world, Class 3",fraction-and-decimal-exploration-laboratory,2025-06-28,1,0,7,1,,,14,14,
1,Interactive Sentence Formation Slider,Sliding word strips that children can move to form simple sentences with picture cues.,core,"1. Create a large cardboard base (50cm x 30cm) with three horizontal slots
2. Cut sliding strips from manila cards for:
   - Strip 1 (WHO): Pictures + words - boy, girl, cat, dog, mama, papa
   - Strip 2 (ACTION): Pictures + words - runs, jumps, eats, sleeps, plays, sits
   - Strip 3 (WHERE/WHAT): Pictures + words - home, school, ball, food, bed, garden
3. Laminate all pieces for durability
4. Thread colorful ribbon through slots to guide sliding motion
5. Add velcro dots at end positions to hold strips in place
6. Decorate with bright colors and fun characters","- Start with simple combinations: ""Boy runs home""
- Let children slide strips and read the sentence together
- Encourage silly combinations for fun: ""Cat eats school""
- Use pictures as primary cues, words as secondary
- Ask ""What happens when we change this word?""
- Create actions for sentences: act out ""boy jumps""",aid,manipulative,small,create,medium,Children will understand sentence structure and create simple sentences by manipulating word and picture combinations.,"sentences, interactive, slider, grammar, nursery",interactive-sentence-formation-slider,2025-06-28,1,0,2,1,,,1,1,
1,Three-Letter Word Building Slider,Rotating wheels and sliding cards that help children build and blend three-letter words.,short,"1. Create three circular wheels from thick cardboard:
   - Wheel 1: Beginning sounds (b, c, d, f, h, m, p, r, s, t)
   - Wheel 2: Middle vowels (a, e, i, o, u) in bright colors
   - Wheel 3: Ending sounds (t, n, g, p, d, m, s, x)
2. Cut window spaces in base board to show one letter from each wheel
3. Use brass fasteners to attach rotating wheels
4. Add corresponding picture cards that slide into pockets below
5. Include simple three-letter words: cat, dog, pig, sun, bag, etc.
6. Color-code vowels differently from consonants","- Demonstrate turning wheels to form real words first
- Start with familiar words: cat, dog, run, big
- Sound out each letter as wheels turn: ""c-a-t makes cat!""
- Let children experiment with nonsense words too
- Match picture cards to words they create
- Use in pairs for collaborative learning",aid,manipulative,small,apply,medium,Children will blend letter sounds to form three-letter words and understand basic phonetic principles.,"phonics, blending, word building, interactive, nursery",three-letter-word-building-slider,2025-06-28,1,0,2,1,,,1,1,
1,Jolly Phonics Interactive Sound Garden,Three-dimensional garden scene with moveable characters and objects for each phonics sound.,core,"1. Create garden base from large cardboard box lid (painted green)
2. Make 3D elements for each Jolly Phonics sound:
   - 's' snake that winds through garden (green pipe cleaner)
   - 'a' ants marching (black pom-poms with legs)
   - 't' tiger behind trees (orange felt with stripes)
   - 'i' inchworm (green sections that bend)
   - 'p' pig in pen (pink felt with moveable parts)
   - 'n' net for catching (actual small net)
3. Add interactive elements: flip trees, opening flowers, moving gates
4. Include action cards showing Jolly Phonics gestures
5. Create pockets for letter cards throughout garden","- Introduce one sound per session using the garden story
- Encourage children to move objects while making sounds
- Practice Jolly Phonics actions with garden characters
- Hide letters in garden for treasure hunts
- Let children create their own garden stories
- Use for sound recognition games: ""Find something that starts with 's'""",aid,manipulative,medium,remember,medium,Children will recognize letter sounds through multi-sensory exploration and associate sounds with actions and objects.,"jolly phonics, sounds, interactive, garden, nursery",jolly-phonics-interactive-sound-garden,2025-06-28,1,0,2,1,,,1,1,
1,Vowels Activity Mat with Pop-Up Letters,Interactive floor mat where children step on pictures to reveal pop-up vowel letters with sounds.,core,"1. Create large mat from canvas or thick fabric (1m x 1m)
2. Sew or attach 15 pockets in grid pattern
3. For each vowel, create 3 picture cards that pop up:
   - A: apple, ant, alligator
   - E: elephant, egg, envelope  
   - I: igloo, insect, ice cream
   - O: octopus, orange, owl
   - U: umbrella, up arrow, unicorn
4. Add spring mechanism using cardboard and elastic for pop-up effect
5. Record vowel sounds on simple sound buttons (or use voice)
6. Include instruction cards with movements","- Children step on pictures to make vowels pop up
- Say vowel sound each time it pops up
- Play vowel hunt: ""Step on things that start with 'a'""
- Use for group activities and turn-taking
- Encourage children to make vowel mouth shapes
- Add music and dance to vowel stepping",aid,game,medium,remember,medium,Children will identify vowel sounds and associate them with corresponding pictures through active movement.,"vowels, interactive, movement, phonics, nursery",vowels-activity-mat-with-pop-up-letters,2025-06-28,1,0,2,1,,,1,1,
1,Letter Sounds Spinning Wheel Chart,Large spinning wheel with letter sounds that children rotate to match pictures and practice pronunciation.,core,"1. Create large circular base (60cm diameter) from cardboard
2. Design rotating top wheel with 26 letter sections
3. Cut window in base to reveal one letter at a time
4. Around base, attach 26 picture pockets with velcro
5. Include multiple picture cards for each letter sound
6. Add arrow pointer and decorative elements
7. Use different textures for each letter (sandpaper, felt, smooth)
8. Include mirror for children to watch mouth movements","- Spin wheel and say letter sound together
- Find picture cards that match the letter sound
- Look in mirror while making sounds
- Feel textured letters while saying sounds
- Play in pairs: one spins, other finds pictures
- Use for assessment: ""Show me the letter that makes 'mmmm'""",aid,poster,medium,understand,medium,Children will recognize all letter sounds and match them to appropriate pictures while developing phonemic awareness.,"letters, sounds, spinning wheel, phonics, nursery",letter-sounds-spinning-wheel-chart,2025-06-28,1,0,2,1,,,1,1,
1,Interactive Shapes Discovery Box,Multi-compartment box with shape sorters puzzles and real-world shape matching activities.,core,"1. Use large cardboard box, divide into 6 compartments
2. Cut shape holes in top (circle, square, triangle, rectangle, oval, diamond)
3. Create shape puzzle pieces from different materials:
   - Wooden circles, cardboard squares, felt triangles
   - Textured rectangles, smooth ovals, glittery diamonds
4. Add shape sorting tubes for each shape
5. Include real objects collection for each shape
6. Create flip cards showing shapes in environment
7. Add shape stamps and ink pads for printing","- Start with basic shapes, add complex ones gradually
- Let children feel shapes before looking
- Practice shape names in English and local language
- Go on shape hunts around classroom
- Use shapes to create pictures and patterns
- Sort objects by shape, then by color, then by size",aid,manipulative,small,analyze,medium,Children will identify sort and compare geometric shapes while connecting them to real-world objects.,"shapes, geometry, sorting, interactive, nursery",interactive-shapes-discovery-box,2025-06-28,1,0,2,1,,,2,2,
1,Color Mixing Magic Wheel,Rotating color wheels that show primary color combinations creating secondary colors with surprise reveals.,core,"1. Create three transparent wheels from clear plastic sheets
2. Paint primary colors (red, blue, yellow) on separate wheels
3. Design overlapping mechanism showing color mixing
4. Add rotating handle for children to control
5. Include color surprise windows that reveal mixed colors
6. Create color matching game cards
7. Add real objects in primary and secondary colors
8. Include color mixing bottles with safe materials","- Demonstrate primary colors first
- Let children predict what happens when colors mix
- Use surprise reveals: ""What color will we make?""
- Connect to nature: ""What color is grass? Sky? Sun?""
- Practice color names in different languages
- Use for art projects: mix real paints safely",aid,manipulative,small,understand,medium,Children will identify primary and secondary colors and understand how colors combine to create new colors.,"colors, mixing, interactive, science, nursery",color-mixing-magic-wheel,2025-06-28,1,0,2,1,,,2,2,
1,Good Manners Garden Interactive Scene,Three-dimensional garden scene where children move characters to practice polite behaviors and social skills.,core,"1. Create garden base from large box lid with green fabric landscape
2. Design moveable character dolls (diverse children, adults, animals)
3. Create scenario stations around garden:
   - Sharing station: playground with swings and toys
   - Helping station: fallen items that need picking up  
   - Greeting station: house with doorway for visitors
   - Thank you station: gift exchange area
   - Sorry station: conflict resolution space
4. Include speech bubble cards with polite phrases
5. Add props: toys to share, gifts to exchange, cleaning tools
6. Create situation cards for role-playing","- Model good manners using garden characters first
- Let children move dolls through different scenarios
- Practice phrases: ""Please"", ""Thank you"", ""Sorry"", ""Excuse me""
- Encourage children to create their own polite situations
- Connect to real classroom situations
- Use during conflict resolution times",aid,manipulative,medium,apply,medium,Children will practice polite behaviors and social skills through interactive role-playing scenarios.,"manners, social skills, role play, interactive, nursery",good-manners-garden-interactive-scene,2025-06-28,1,0,2,1,,,3,3,
1,Emotions Flip and Match Interactive Chart,Multi-layered chart with flip panels showing different emotions causes and appropriate responses.,core,"1. Create large base chart (70cm x 50cm) with emotion categories
2. Design flip panels for each emotion:
   - Happy: smiley face flips to show causes (friends, treats, success)
   - Sad: sad face flips to show causes (injury, loss, disappointment)
   - Angry: angry face flips to show causes (frustration, unfairness)
   - Scared: worried face flips to show causes (loud noises, darkness)
   - Excited: enthusiastic face flips to show causes (parties, surprises)
3. Add response panels showing appropriate actions for each emotion
4. Include emotion mirror for children to practice expressions
5. Create emotion matching games with situation cards","- Start with basic happy/sad emotions
- Let children flip panels to explore emotions
- Practice making faces in the emotion mirror
- Discuss: ""When do you feel this way?""
- Use during daily check-ins: ""How are you feeling today?""
- Connect emotions to stories and real situations",aid,poster,medium,understand,medium,Children will identify different emotions understand their causes and learn appropriate responses to feelings.,"emotions, feelings, interactive, social skills, nursery",emotions-flip-and-match-interactive-chart,2025-06-28,1,0,2,1,,,3,3,
1,My Weather Station Interactive Chart,Dynamic weather station with moveable elements temperature gauge and daily weather tracking system.,starter,"1. Create weather station base from large cardboard (80cm x 60cm)
2. Design moveable weather elements:
   - Sliding sun that moves across sky track
   - Cloud shapes that attach with velcro for cloudy days
   - Rain drops that hang from clouds with blue ribbon
   - Wind spinner made from pinwheel
   - Temperature gauge with moving arrow
3. Add weather clothing dress-up doll with seasonal outfits
4. Include weather prediction cards and daily tracking chart
5. Create weather sounds (rain stick, wind chimes, thunder drum)","- Check weather together each morning
- Let children move weather elements to match outside
- Dress weather doll appropriately for conditions
- Make weather sounds while updating chart
- Predict tomorrow's weather together
- Connect weather to activities: ""Good day for outdoor play?""",aid,poster,large,understand,medium,Children will observe record and predict weather patterns while connecting weather to appropriate clothing and activities.,"weather, observation, interactive, science, nursery",my-weather-station-interactive-chart,2025-06-28,1,0,2,1,,,4,4,
1,Food Groups Sorting Kitchen,Interactive play kitchen with sorting stations for different food groups and healthy eating activities.,core,"1. Convert large cardboard box into play kitchen with compartments
2. Create food group sorting stations:
   - Fruits basket with realistic fruit models
   - Vegetable garden box with root vegetables
   - Protein station with fish, chicken, beans models
   - Grains basket with rice, bread, corn models
   - Dairy refrigerator section with milk, cheese models
3. Add interactive elements: opening refrigerator, turning stove knobs
4. Include shopping lists and meal planning cards
5. Create ""healthy plate"" template for balanced meals
6. Add cooking utensils and play food preparation tools","- Sort foods into correct groups together
- Plan balanced meals using healthy plate template
- Role-play shopping and cooking scenarios
- Discuss where foods come from: ""Apples grow on trees""
- Practice food names in English and local languages
- Connect to family meals and cultural foods",aid,manipulative,medium,analyze,medium,Children will identify different food groups and understand the importance of balanced healthy eating.,"food groups, nutrition, interactive, health, nursery",food-groups-sorting-kitchen,2025-06-28,1,0,2,1,,,4,4,
1,Fruits and Vegetables Growing Garden,Interactive garden scene showing how fruits and vegetables grow with removeable parts and growth stages.,core,"1. Create garden landscape from green fabric on large base
2. Design growing plants with removeable parts:
   - Carrot tops that pull out to reveal orange carrots below
   - Apple tree with velcro apples that can be ""picked""
   - Tomato plant with different colored tomatoes (green to red)
   - Bean plants with pods that open to show beans inside
   - Corn stalks with husks that peel back
3. Add garden tools: watering can, hoe, basket for harvesting
4. Include seed packets matching each plant
5. Create growth sequence cards showing plant development","- Plant seeds and watch simulated growth process
- Harvest fruits and vegetables when ""ready""
- Sort by where they grow: underground, on trees, on vines
- Practice healthy eating discussions
- Connect to real gardening if possible
- Use for counting activities: ""How many apples?""",aid,manipulative,medium,understand,medium,Children will understand how fruits and vegetables grow and develop appreciation for healthy foods.,"fruits, vegetables, gardening, interactive, nursery",fruits-and-vegetables-growing-garden,2025-06-28,1,0,2,1,,,4,4,
1,Transportation Interactive Journey Board,Large board game-style mat with moveable vehicles and journey scenarios for exploring different means of transport.,core,"1. Create large mat (1.5m x 1m) showing different travel routes:
   - Road with traffic lights and signs
   - Railway track with stations
   - River with bridges
   - Airport runway
   - Sea with ports
2. Design moveable vehicles for each route:
   - Cars, buses, motorcycles for roads
   - Trains for railway
   - Boats for water
   - Airplanes for sky
3. Add interactive elements: working traffic lights, opening bridges
4. Include journey cards showing different trips
5. Create sound effects for each vehicle type","- Move vehicles along appropriate routes
- Practice vehicle sounds and names
- Discuss when to use different transportation
- Plan imaginary journeys: ""How do we get to Kumasi?""
- Practice road safety rules
- Connect to children's real travel experiences",aid,game,medium,apply,medium,Children will identify different means of transportation and understand appropriate uses for various vehicles.,"transportation, vehicles, interactive, travel, nursery",transportation-interactive-journey-board,2025-06-28,1,0,2,1,,,4,4,
1,Musical Pattern Stepping Mat,Large floor mat with different textures and sounds that children step on to create musical patterns and rhythms.,core,"1. Create large mat base (2m x 1m) from durable fabric
2. Attach different textured sections:
   - Bubble wrap squares for ""pop"" sounds
   - Crinkly material patches for ""crunch"" sounds  
   - Bell strips sewn in for ""jingle"" sounds
   - Velcro patches for ""scratch"" sounds
   - Smooth satin for ""swoosh"" sounds
3. Color-code each texture with bright colors
4. Add pattern instruction cards showing step sequences
5. Include rhythm sticks for children to tap along
6. Create removeable number markers (1-8) for sequence learning","- Start with simple 2-3 step patterns
- Let children explore sounds freely first
- Create group activities: follow the leader
- Record children's favorite patterns to repeat
- Use for counting: ""Step 4 times on the jingle squares""
- Encourage creative pattern making",aid,game,large,create,medium,Children will create and follow musical patterns while developing gross motor skills and rhythm awareness.,"music, patterns, movement, interactive, nursery",musical-pattern-stepping-mat,2025-06-28,1,0,2,1,,,6,6,
1,Interactive Story Building Theater,Puppet theater with interchangeable backgrounds and moveable characters for collaborative storytelling.,core,"1. Build theater frame from large cardboard box with cut-out stage opening
2. Create sliding background system:
   - Forest scene with moveable trees
   - Home scene with opening doors and windows
   - School scene with playground equipment
   - Market scene with stalls and vendors
3. Design finger puppets and stick puppets representing:
   - Family members, animals, community helpers
   - Emotions faces that attach to any character
4. Add interactive stage elements:
   - Spinning wheel for weather changes
   - Flip panels for day/night transitions
   - Sound effect buttons hidden behind stage
5. Include story starter cards and prop box","- Let children choose characters and settings
- Start stories together: ""Once upon a time...""
- Encourage children to take turns adding to stories
- Use for retelling familiar tales with new twists
- Practice problem-solving through story conflicts
- Record favorite stories to tell again",aid,manipulative,medium,create,medium,Children will develop narrative skills creativity and collaborative storytelling through interactive puppet theater.,"storytelling, theater, interactive, creativity, nursery",interactive-story-building-theater,2025-06-28,1,0,2,1,,,3,3,
1,Body Parts Interactive Mirror Game,Large mirror system with moveable body part labels and action command wheels for body awareness activities.,short,"1. Mount large unbreakable mirror (60cm x 80cm) at child height
2. Create rotating command wheels around mirror edges:
   - Body parts wheel (head, arms, legs, hands, feet)
   - Action wheel (touch, wiggle, stretch, clap, stomp)
   - Number wheel (1, 2, 3, 4, 5)
3. Add velcro body part labels that stick to mirror
4. Include silly action cards: ""Touch your nose 3 times""
5. Create body outline template that fits over mirror
6. Add costume box nearby for dress-up integration","- Spin wheels to create action combinations
- Practice body part names while touching mirror image
- Play Simon Says using the command wheels
- Encourage silly combinations for laughter
- Use for emotional recognition: ""Show me happy eyes""
- Connect to health discussions about body care",aid,game,small,apply,medium,Children will identify body parts follow multi-step instructions and develop body awareness through interactive mirror play.,"body parts, mirror, interactive, movement, nursery",body-parts-interactive-mirror-game,2025-06-28,1,0,2,1,,,5,5,
1,Balance Challenge Adventure Course,Modular balance course with adjustable difficulty levels and interactive challenge cards.,core,"1. Create balance beam sections from different materials:
   - Wide wooden plank (beginner level)
   - Rope laid on ground (intermediate)  
   - Narrow beam raised slightly (advanced)
2. Add textural walking surfaces:
   - Bubble wrap path for sensory input
   - Fabric patches with different textures
   - Number stepping stones in sequence
3. Include challenge station cards:
   - Walk while carrying object
   - Walk backwards
   - Stop and balance on one foot
   - Walk while clapping
4. Create adjustable height system using blocks
5. Add safety mats and colorful markings","- Start with easiest level for all children
- Provide hand support initially, gradually reduce
- Celebrate every attempt, not just completion
- Create group cheering and encouragement
- Use for turn-taking and patience practice
- Adjust challenges based on individual abilities",aid,game,medium,apply,medium,Children will develop balance coordination and confidence in physical movement while learning to assess and take appropriate risks.,"balance, coordination, movement, interactive, nursery",balance-challenge-adventure-course,2025-06-28,1,0,2,1,,,5,5,
1,Rhythm and Beat Building Station,Interactive station where children create record and replay rhythm patterns using various instruments and visual cues.,core,"1. Set up rhythm station with instrument collection:
   - Homemade drums from various containers
   - Shakers with different fill materials
   - Rhythm sticks and clappers
   - Bell bracelets and anklets
2. Create visual rhythm cards using symbols:
   - Large dots for drums, wavy lines for shakers
   - Hand symbols for claps, foot symbols for stamps
3. Add recording system (simple voice recorder)
4. Include rhythm pattern templates with moveable pieces
5. Create conducting batons and simple sheet music
6. Set up performance stage area with microphone","- Start with simple clap-clap-pause patterns
- Let children create their own rhythm cards
- Record patterns to play back and dance to
- Encourage conducting and leading others
- Connect rhythms to familiar songs
- Use for group cooperation and turn-taking",aid,manipulative,medium,create,medium,Children will create and follow rhythm patterns while developing musical awareness and leadership skills.,"rhythm, music, interactive, leadership, nursery",rhythm-and-beat-building-station,2025-06-28,1,0,2,1,,,6,6,